hl_group,n,observed_yes,observed_no,expected_yes,expected_no
1,29,15.0,14.0,15.443390829419098,13.556609170580902
2,29,16.0,13.0,16.710525192762294,12.289474807237706
3,29,22.0,7.0,17.63742593216537,11.362574067834629
4,29,18.0,11.0,18.523676067313914,10.476323932686086
5,29,19.0,10.0,19.29998072215413,9.700019277845868
6,29,17.0,12.0,20.087461708191086,8.912538291808914
7,29,18.0,11.0,20.68293042203512,8.31706957796488
8,29,22.0,7.0,21.109165762756298,7.890834237243702
9,29,23.0,6.0,21.965477268999066,7.0345227310009335
10,29,25.0,4.0,23.53996609417474,5.460033905825259
