respondent_id,sleep_impact_binary,predicted_probability
1,1,0.7868713676755204
2,1,0.7546278115256437
4,1,0.7695483140037789
5,1,0.6927147612690175
6,1,0.6996391625384187
7,1,0.685346446725398
8,1,0.771134074406035
9,1,0.6320680014545422
10,1,0.6909253368042222
11,1,0.6903861521460263
12,1,0.5056634788077157
13,1,0.8328776977226234
14,1,0.8138042408472852
15,0,0.6615893471688303
16,1,0.6549633260850336
17,1,0.7404884585965944
18,0,0.6852364122666161
19,1,0.6997728329931153
21,1,0.6845172573838608
22,1,0.7215880487234452
23,0,0.7301107534931838
24,0,0.5877512468933387
25,1,0.5686773357393036
26,1,0.5780259849988876
27,0,0.7705253418468083
28,1,0.7399257559534235
29,1,0.6043944001054966
30,0,0.7219221588628998
31,0,0.572865763421119
32,1,0.7694442199423366
33,1,0.8114322929887648
34,1,0.8302357068416144
35,1,0.799987245994582
36,0,0.828588752841797
38,0,0.5387772823379137
39,1,0.830457069067468
40,1,0.7857660441187075
41,1,0.8314326244782261
42,1,0.7703280304912605
44,1,0.8143447421308426
45,1,0.760587380842194
46,1,0.6982932154087761
48,1,0.7264955627090806
49,1,0.763356734591335
50,0,0.4852907979376676
51,1,0.6284831626441021
52,1,0.760587380842194
53,1,0.6589339474788599
54,1,0.6865999980173872
55,1,0.6356763276608475
56,1,0.6903068681745017
57,1,0.7800074782639537
58,1,0.7373649528110933
59,0,0.6456168317809434
60,1,0.8090413244027963
61,0,0.7846063999943904
62,1,0.7399257559534235
63,1,0.6506203913340661
64,1,0.5640560722359022
65,1,0.6611958455634129
66,0,0.6622405350629204
67,1,0.6470576121673843
68,0,0.47763790822332863
69,1,0.5637954008099332
70,1,0.5100437701029095
71,0,0.5912059124198459
72,0,0.6353331619265223
73,0,0.6922128563907509
74,0,0.7203655598685971
75,0,0.7172787527914256
76,0,0.6371963891195833
77,0,0.637571320446231
78,0,0.6399810800347522
79,0,0.8550397596697488
81,1,0.6281920536258957
82,1,0.7167559160169612
83,0,0.5955380453527064
84,1,0.5734862154486542
85,1,0.7117753576232899
87,0,0.6813053140024703
88,0,0.6907011930672459
90,0,0.7206946995374768
91,0,0.7138047011329253
92,0,0.6663342836180571
93,0,0.7434626066750994
94,0,0.6960122688160656
95,0,0.6951711060455356
96,0,0.698629996438324
97,1,0.7472945491947399
98,0,0.7149832056191203
99,1,0.7422025110181403
100,1,0.7481437972064174
101,1,0.6924329536188342
102,1,0.6381034615315001
103,1,0.7212452374130564
104,0,0.575372481266704
105,1,0.684671888676491
106,1,0.6101736580270702
107,1,0.5756231258170761
108,1,0.6636865745874214
109,1,0.730399743289262
110,1,0.6952191733027754
111,1,0.6688703534842586
112,1,0.6980635249139144
113,1,0.6389676992037365
114,1,0.5361915658320467
115,1,0.7363253004406214
116,1,0.6030790670483784
117,1,0.7196924088482762
118,1,0.6641068637166573
119,1,0.601105173901269
120,1,0.5992341148620656
121,0,0.6897874758874076
122,1,0.610527474466088
123,1,0.5788177672093987
124,1,0.7517226654010318
125,1,0.7643907727136262
126,1,0.6382717708317126
128,0,0.7170925018343163
129,1,0.5798109678986189
130,1,0.6369126770785143
131,1,0.6319641095053733
132,0,0.6038295925709228
133,1,0.7163053764109963
134,1,0.7222648587942119
135,0,0.6351472702890774
136,1,0.7808482581453698
137,1,0.5703628645880444
138,1,0.7052163045974035
139,1,0.6376408623226045
140,0,0.7417635217188265
141,1,0.6037265318890763
142,1,0.7251883002039732
143,1,0.7296299332783982
144,1,0.653144476637719
145,1,0.7800101975699568
146,1,0.6940087853576192
147,1,0.8166409263564903
148,0,0.6320723567750912
149,1,0.6898419941909804
150,1,0.5627880792145304
151,1,0.7816791296316434
152,1,0.7989328293433293
153,1,0.6074066146979854
154,1,0.8633816276535029
155,1,0.5671790619211999
156,1,0.7272671570992507
157,1,0.6543239631051807
158,1,0.7995532552253791
159,1,0.7195379868951719
160,1,0.7497611381626127
162,1,0.5165876334333934
163,1,0.766517454507926
164,1,0.6979727346675683
165,1,0.7173483004460413
166,1,0.6097009048150148
167,1,0.6324185863333469
168,1,0.7806534298936201
169,1,0.6342449695839402
170,1,0.7170413704418678
171,1,0.7473355273941571
172,1,0.5234977829721539
173,1,0.5891151892084476
174,1,0.7226973964992508
175,1,0.7684246997705267
176,1,0.7497816319796586
177,1,0.7224933673915563
178,1,0.6982100733353581
179,1,0.7704307358182924
180,1,0.7318264549237765
181,1,0.7236361778666656
182,1,0.7202039249130697
183,1,0.6276158006841658
184,1,0.6269533775671106
185,1,0.5662810822390402
186,1,0.7015760297878947
187,1,0.6305056129794774
188,1,0.6431563506340464
189,1,0.8287002274474704
190,1,0.7434077161618821
191,1,0.596517659821684
192,0,0.5965763413304562
193,1,0.5657173939813118
194,1,0.662584827864464
195,0,0.5704419424283882
196,1,0.6645857729454767
197,0,0.5276297454969842
198,1,0.719648155883435
199,1,0.7202680411809446
200,0,0.7207195970444712
201,1,0.5698229315766936
202,1,0.5613736683293671
203,1,0.5295110761448834
204,0,0.7296556290802088
205,1,0.838274046999896
206,1,0.6002844748188284
207,0,0.5756351164331568
208,1,0.6746014447680226
209,1,0.625004844896681
210,0,0.6650778054539576
211,1,0.506375024926869
212,1,0.5632793852878458
213,0,0.7373769038121042
214,0,0.5407753953960464
215,0,0.619339520157607
216,0,0.5783234451059769
217,0,0.6955422615393908
218,1,0.5331760197391204
219,0,0.5298531083826282
220,0,0.5612268358526155
221,0,0.6329554647792789
222,1,0.6823125306139988
223,1,0.7087959923559064
224,1,0.6644698404648116
225,1,0.5669401977411044
226,0,0.6361637524914899
227,1,0.6031759704014277
228,1,0.660362731142294
229,1,0.6881924654436946
230,1,0.5526219731616603
231,0,0.5967879015996314
232,0,0.6918494278364065
233,1,0.6018983238351565
234,1,0.6114037758302346
235,0,0.6034687910190976
236,1,0.6007758584571797
237,1,0.6969372921850844
238,1,0.6041549803534463
239,1,0.5787641264472754
240,0,0.563594198088274
241,0,0.7160967951152578
242,1,0.7222115409755403
243,1,0.5278498948966386
244,0,0.7160915890661009
245,0,0.47800486637277917
246,1,0.7258409570277885
247,1,0.7124599080301239
248,1,0.7225113386262936
249,0,0.5479757563235367
250,1,0.7372026554581053
251,1,0.6649758241015308
252,1,0.5670559377194481
253,0,0.5790718552610042
254,0,0.5598358334419286
255,0,0.5354058846597639
256,0,0.566112239406453
257,1,0.5990932384558367
258,0,0.6920601985111716
259,0,0.6681269728465636
260,0,0.5954814691975923
261,0,0.5734862154486542
262,0,0.608303226053736
263,0,0.5010467023290582
264,0,0.6517824622309852
265,0,0.6286805924051909
266,0,0.6062190982297255
267,0,0.5783225002345543
268,0,0.6659945436817574
269,1,0.653855618414603
270,0,0.6959057561403481
271,0,0.6937822419202033
272,0,0.7109180686056095
273,0,0.7698104299487195
274,0,0.7468218966110622
275,0,0.7421189575405575
276,0,0.6546647950362304
277,0,0.7226695917286013
278,0,0.539525688681605
279,0,0.6553720180277665
280,0,0.7127221160714915
281,0,0.6603942735793707
282,1,0.7182587625517491
283,1,0.6346857274474652
284,1,0.803145903915326
285,1,0.6872479612480952
286,1,0.7009010265047814
287,1,0.6678023811262259
288,1,0.7855374664145192
289,1,0.7614514318236514
290,1,0.6418811299138865
291,1,0.6673827532343256
292,1,0.7236278516299198
293,1,0.828105897796028
294,1,0.7363480821292199
295,1,0.5752367773582949
296,0,0.8579738425316853
297,1,0.654532707333881
298,0,0.6965007729606942
299,0,0.7197502774725073
300,1,0.7820437864761547
